<edmx:Edmx xmlns:edmx="http://docs.oasis-open.org/odata/ns/edmx" Version="4.0">
	<edmx:Reference Uri="http://docs.oasis-open.org/odata/odata-data-aggregation-ext/v4.0/cs02/vocabularies/Org.OData.Aggregation.V1.xml">
		<edmx:Include Alias="Aggregation" Namespace="Org.OData.Aggregation.V1"/>
	</edmx:Reference>
	<edmx:Reference Uri="http://docs.oasis-open.org/odata/odata/v4.0/errata03/os/complete/vocabularies/Org.OData.Capabilities.V1.xml">
		<edmx:Include Alias="Capabilities" Namespace="Org.OData.Capabilities.V1"/>
	</edmx:Reference>
	<edmx:Reference Uri="https://wiki.scn.sap.com/wiki/download/attachments/448470974/Common.xml?api=v2">
		<edmx:Include Alias="Common" Namespace="com.sap.vocabularies.Common.v1"/>
	</edmx:Reference>
	<edmx:Reference Uri="https://wiki.scn.sap.com/wiki/download/attachments/448470971/Communication.xml?api=v2">
		<edmx:Include Alias="vCard" Namespace="com.sap.vocabularies.Communication.v1"/>
	</edmx:Reference>
	<edmx:Reference Uri="http://docs.oasis-open.org/odata/odata/v4.0/errata03/os/complete/vocabularies/Org.OData.Core.V1.xml">
		<edmx:Include Alias="Core" Namespace="Org.OData.Core.V1"/>
	</edmx:Reference>
	<edmx:Reference Uri="http://docs.oasis-open.org/odata/odata/v4.0/errata03/os/complete/vocabularies/Org.OData.Measures.V1.xml">
		<edmx:Include Alias="CQP" Namespace="Org.OData.Measures.V1"/>
	</edmx:Reference>
	<edmx:Reference Uri="https://wiki.scn.sap.com/wiki/download/attachments/448470968/UI.xml?api=v2">
		<edmx:Include Alias="UI" Namespace="com.sap.vocabularies.UI.v1"/>
	</edmx:Reference>
	<edmx:DataServices>
		<Schema xmlns="http://docs.oasis-open.org/odata/ns/edm">
			<Annotations Target="ZTJ_FLIGHT_SRV.ZI_SCARRType">
				<Annotation Term="UI.FieldGroup">
					<Record Type="UI.FieldGroupType">
						<PropertyValue Property="Data">
							<Collection>
								<Record Type="UI.DataField">
									<PropertyValue Property="Value" Path="Carrname"/>
								</Record>
								<Record Type="UI.DataField">
									<PropertyValue Property="Value" Path="Currcode"/>
								</Record>
								<Record Type="UI.DataField">
									<PropertyValue Property="Value" Path="Url"/>
								</Record>
							</Collection>
						</PropertyValue>
					</Record>
				</Annotation>
				<Annotation Term="UI.HeaderInfo">
					<Record Type="UI.HeaderInfoType">
						<PropertyValue Property="TypeName" String="{@i18n&gt;SCARR}"/>
						<PropertyValue Property="TypeNamePlural" String="{@i18n&gt;SCARRS}"/>
						<PropertyValue Property="Title">
							<Record Type="UI.DataField">
								<PropertyValue Property="Value" Path="Carrid"/>
							</Record>
						</PropertyValue>
					</Record>
				</Annotation>
				<Annotation Term="UI.HeaderFacets">
					<Collection>
						<Record Type="UI.ReferenceFacet">
							<PropertyValue Property="Target" AnnotationPath="@UI.FieldGroup"/>
						</Record>
					</Collection>
				</Annotation>
				<Annotation Term="UI.Facets">
					<Collection>
						<Record Type="UI.CollectionFacet">
							<PropertyValue Property="Facets">
								<Collection>
									<Record Type="UI.CollectionFacet">
										<PropertyValue Property="Facets">
											<Collection>
												<Record Type="UI.ReferenceFacet">
													<PropertyValue Property="Target" AnnotationPath="toSpfliSet/@UI.LineItem"/>
												</Record>
											</Collection>
										</PropertyValue>
									</Record>
								</Collection>
							</PropertyValue>
							<PropertyValue Property="Label" String="{@i18n&gt;TOSPFLISET}"/>
						</Record>
						<Record Type="UI.CollectionFacet">
							<PropertyValue Property="Facets">
								<Collection>
									<Record Type="UI.CollectionFacet">
										<PropertyValue Property="Facets">
											<Collection>
												<Record Type="UI.ReferenceFacet">
													<PropertyValue Property="Target" AnnotationPath="toSflightSet/@UI.LineItem"/>
												</Record>
											</Collection>
										</PropertyValue>
									</Record>
								</Collection>
							</PropertyValue>
							<PropertyValue Property="Label" String="{@i18n&gt;TOSFLIGHTSET}"/>
						</Record>
					</Collection>
				</Annotation>
				<Annotation Term="UI.SelectionFields">
					<Collection>
						<PropertyPath>Carrid</PropertyPath>
					</Collection>
				</Annotation>
				<Annotation Term="UI.LineItem">
					<Collection>
						<Record Type="UI.DataField">
							<PropertyValue Property="Value" Path="Carrid"/>
						</Record>
						<Record Type="UI.DataField">
							<PropertyValue Property="Value" Path="Carrname"/>
						</Record>
						<Record Type="UI.DataField">
							<PropertyValue Property="Value" Path="Currcode"/>
						</Record>
						<Record Type="UI.DataField">
							<PropertyValue Property="Value" Path="Url"/>
						</Record>
					</Collection>
				</Annotation>
			</Annotations>
			<Annotations Target="ZTJ_FLIGHT_SRV.ZI_SFLIGHTType">
				<Annotation Term="UI.LineItem">
					<Collection>
						<Record Type="UI.DataField">
							<PropertyValue Property="Value" Path="Fldate"/>
						</Record>
						<Record Type="UI.DataField">
							<PropertyValue Property="Value" Path="Price"/>
						</Record>
						<Record Type="UI.DataField">
							<PropertyValue Property="Value" Path="Currency"/>
						</Record>
						<Record Type="UI.DataField">
							<PropertyValue Property="Value" Path="Planetype"/>
						</Record>
						<Record Type="UI.DataField">
							<PropertyValue Property="Value" Path="Seatsmax"/>
						</Record>
						<Record Type="UI.DataField">
							<PropertyValue Property="Value" Path="Seatsocc"/>
						</Record>
						<Record Type="UI.DataField">
							<PropertyValue Property="Value" Path="Paymentsum"/>
						</Record>
						<Record Type="UI.DataField">
							<PropertyValue Property="Value" Path="SeatsmaxB"/>
						</Record>
						<Record Type="UI.DataField">
							<PropertyValue Property="Value" Path="SeatsoccB"/>
						</Record>
						<Record Type="UI.DataField">
							<PropertyValue Property="Value" Path="SeatsmaxF"/>
						</Record>
						<Record Type="UI.DataField">
							<PropertyValue Property="Value" Path="SeatsoccF"/>
						</Record>
					</Collection>
				</Annotation>
			</Annotations>
			<Annotations Target="ZTJ_FLIGHT_SRV.ZI_SPFLIType">
				<Annotation Term="UI.Facets">
					<Collection>
						<Record Type="UI.CollectionFacet">
							<PropertyValue Property="Facets">
								<Collection>
									<Record Type="UI.CollectionFacet">
										<PropertyValue Property="Facets">
											<Collection>
												<Record Type="UI.ReferenceFacet">
													<PropertyValue Property="Target" AnnotationPath="toSflightSet/@UI.LineItem"/>
												</Record>
											</Collection>
										</PropertyValue>
									</Record>
								</Collection>
							</PropertyValue>
							<PropertyValue Property="Label" String="{@i18n&gt;TOSFLIGHTSET}"/>
						</Record>
					</Collection>
				</Annotation>
				<Annotation Term="UI.FieldGroup" Qualifier="To">
					<Record Type="UI.FieldGroupType">
						<PropertyValue Property="Data">
							<Collection>
								<Record Type="UI.DataField">
									<PropertyValue Property="Value" Path="Countryto"/>
								</Record>
								<Record Type="UI.DataField">
									<PropertyValue Property="Value" Path="Cityto"/>
								</Record>
								<Record Type="UI.DataField">
									<PropertyValue Property="Value" Path="Airpto"/>
								</Record>
							</Collection>
						</PropertyValue>
					</Record>
				</Annotation>
				<Annotation Term="UI.FieldGroup" Qualifier="From">
					<Record Type="UI.FieldGroupType">
						<PropertyValue Property="Data">
							<Collection>
								<Record Type="UI.DataField">
									<PropertyValue Property="Value" Path="Countryfr"/>
								</Record>
								<Record Type="UI.DataField">
									<PropertyValue Property="Value" Path="Cityfrom"/>
								</Record>
								<Record Type="UI.DataField">
									<PropertyValue Property="Value" Path="Airpfrom"/>
								</Record>
							</Collection>
						</PropertyValue>
					</Record>
				</Annotation>
				<Annotation Term="UI.HeaderFacets">
					<Collection>
						<Record Type="UI.ReferenceFacet">
							<PropertyValue Property="Target" AnnotationPath="@UI.FieldGroup#From"/>
							<PropertyValue Property="Label" String="{@i18n&gt;FROM}"/>
						</Record>
						<Record Type="UI.ReferenceFacet">
							<PropertyValue Property="Target" AnnotationPath="@UI.FieldGroup#To"/>
							<PropertyValue Property="Label" String="To"/>
						</Record>
					</Collection>
				</Annotation>
				<Annotation Term="UI.HeaderInfo">
					<Record Type="UI.HeaderInfoType">
						<PropertyValue Property="TypeName" String="{@i18n&gt;SPFLI}"/>
						<PropertyValue Property="TypeNamePlural" String="{@i18n&gt;SPFLIS}"/>
						<PropertyValue Property="Title">
							<Record Type="UI.DataField">
								<PropertyValue Property="Value" Path="Connid"/>
							</Record>
						</PropertyValue>
						<PropertyValue Property="Description">
							<Record Type="UI.DataField">
								<PropertyValue Property="Value" Path="Carrid"/>
							</Record>
						</PropertyValue>
					</Record>
				</Annotation>
				<Annotation Term="UI.LineItem">
					<Collection>
						<Record Type="UI.DataField">
							<PropertyValue Property="Value" Path="Connid"/>
						</Record>
						<Record Type="UI.DataField">
							<PropertyValue Property="Value" Path="Countryfr"/>
						</Record>
						<Record Type="UI.DataField">
							<PropertyValue Property="Value" Path="Cityfrom"/>
						</Record>
						<Record Type="UI.DataField">
							<PropertyValue Property="Value" Path="Airpfrom"/>
						</Record>
						<Record Type="UI.DataField">
							<PropertyValue Property="Value" Path="Countryto"/>
						</Record>
						<Record Type="UI.DataField">
							<PropertyValue Property="Value" Path="Cityto"/>
						</Record>
						<Record Type="UI.DataField">
							<PropertyValue Property="Value" Path="Airpto"/>
						</Record>
						<Record Type="UI.DataField">
							<PropertyValue Property="Value" Path="Fltime"/>
						</Record>
						<Record Type="UI.DataField">
							<PropertyValue Property="Value" Path="Deptime"/>
						</Record>
						<Record Type="UI.DataField">
							<PropertyValue Property="Value" Path="Arrtime"/>
						</Record>
						<Record Type="UI.DataField">
							<PropertyValue Property="Value" Path="Distance"/>
						</Record>
						<Record Type="UI.DataField">
							<PropertyValue Property="Value" Path="Distid"/>
						</Record>
						<Record Type="UI.DataField">
							<PropertyValue Property="Value" Path="Fltype"/>
						</Record>
						<Record Type="UI.DataField">
							<PropertyValue Property="Value" Path="Period"/>
						</Record>
					</Collection>
				</Annotation>
			</Annotations>
		</Schema>
	</edmx:DataServices>
</edmx:Edmx>