<edmx:Edmx Version="1.0"
    xmlns:edmx="http://schemas.microsoft.com/ado/2007/06/edmx"
    xmlns:m="http://schemas.microsoft.com/ado/2007/08/dataservices/metadata"
    xmlns:sap="http://www.sap.com/Protocols/SAPData">
    <edmx:Reference Uri="./IWFND/CATALOGSERVICE;v=2/Vocabularies(TechnicalName='%2FIWBEP%2FVOC_COMMON',Version='0001',SAP__Origin='LOCAL')/$value"
        xmlns:edmx="http://docs.oasis-open.org/odata/ns/edmx">
        <edmx:Include Namespace="com.sap.vocabularies.Common.v1" Alias="Common"/>
    </edmx:Reference>
    <edmx:DataServices m:DataServiceVersion="2.0">
        <Schema Namespace="ZTJ_FLIGHT_SRV" xml:lang="zh" sap:schema-version="1"
            xmlns="http://schemas.microsoft.com/ado/2008/09/edm">
            <EntityType Name="ZI_SCARRType" sap:content-version="1">
                <Key>
                    <PropertyRef Name="Carrid"/>
                </Key>
                <Property Name="Carrid" Type="Edm.String" Nullable="false" MaxLength="3" sap:display-format="UpperCase" sap:label="航线"/>
                <Property Name="Carrname" Type="Edm.String" MaxLength="20" sap:label="航线"/>
                <Property Name="Currcode" Type="Edm.String" MaxLength="5" sap:label="航线货币" sap:semantics="currency-code"/>
                <Property Name="Url" Type="Edm.String" MaxLength="255" sap:label="URL"/>
                <NavigationProperty Name="toSpfliSet" Relationship="ZTJ_FLIGHT_SRV.assoc_2050F4DD00FC1002A7E6D03FE778BFFE" FromRole="FromRole_assoc_2050F4DD00FC1002A7E6D03FE778BFFE" ToRole="ToRole_assoc_2050F4DD00FC1002A7E6D03FE778BFFE"/>
            </EntityType>
            <EntityType Name="ZI_SFLIGHTType" sap:content-version="1">
                <Key>
                    <PropertyRef Name="Carrid"/>
                    <PropertyRef Name="Connid"/>
                    <PropertyRef Name="Fldate"/>
                </Key>
                <Property Name="Planetype" Type="Edm.String" MaxLength="10" sap:display-format="UpperCase" sap:label="飞机类型"/>
                <Property Name="Seatsmax" Type="Edm.Int32" sap:label="经济舱的最大容量"/>
                <Property Name="Seatsocc" Type="Edm.Int32" sap:label="占据经济舱座位"/>
                <Property Name="Paymentsum" Type="Edm.Decimal" Precision="18" Scale="3" sap:unit="Currency" sap:label="预约总量"/>
                <Property Name="SeatsmaxB" Type="Edm.Int32" sap:label="商务舱的最大容量"/>
                <Property Name="SeatsoccB" Type="Edm.Int32" sap:label="占据商务舱座位"/>
                <Property Name="SeatsmaxF" Type="Edm.Int32" sap:label="头等舱的最大容量"/>
                <Property Name="SeatsoccF" Type="Edm.Int32" sap:label="占据头等舱座位"/>
                <Property Name="Carrid" Type="Edm.String" Nullable="false" MaxLength="3" sap:display-format="UpperCase" sap:label="航线"/>
                <Property Name="Connid" Type="Edm.String" Nullable="false" MaxLength="4" sap:display-format="NonNegative" sap:label="连接编号"/>
                <Property Name="Fldate" Type="Edm.DateTime" Nullable="false" Precision="0" sap:display-format="Date" sap:label="航班日期"/>
                <Property Name="Price" Type="Edm.Decimal" Precision="16" Scale="3" sap:unit="Currency" sap:label="航空运费"/>
                <Property Name="Currency" Type="Edm.String" MaxLength="5" sap:label="航线货币" sap:semantics="currency-code"/>
            </EntityType>
            <EntityType Name="ZI_SPFLIType" sap:content-version="1">
                <Key>
                    <PropertyRef Name="Carrid"/>
                    <PropertyRef Name="Connid"/>
                </Key>
                <Property Name="Carrid" Type="Edm.String" Nullable="false" MaxLength="3" sap:display-format="UpperCase" sap:label="航线"/>
                <Property Name="Connid" Type="Edm.String" Nullable="false" MaxLength="4" sap:display-format="NonNegative" sap:label="连接编号"/>
                <Property Name="Countryfr" Type="Edm.String" MaxLength="3" sap:display-format="UpperCase" sap:label="国家/地区代码"/>
                <Property Name="Cityfrom" Type="Edm.String" MaxLength="20" sap:display-format="UpperCase" sap:label="起飞城市"/>
                <Property Name="Airpfrom" Type="Edm.String" MaxLength="3" sap:display-format="UpperCase" sap:label="始发机场"/>
                <Property Name="Countryto" Type="Edm.String" MaxLength="3" sap:display-format="UpperCase" sap:label="国家/地区代码"/>
                <Property Name="Cityto" Type="Edm.String" MaxLength="20" sap:display-format="UpperCase" sap:label="到达城市"/>
                <Property Name="Airpto" Type="Edm.String" MaxLength="3" sap:display-format="UpperCase" sap:label="目标机场"/>
                <Property Name="Fltime" Type="Edm.Int32"/>
                <Property Name="Deptime" Type="Edm.Time" Precision="0" sap:label="出发时间"/>
                <Property Name="Arrtime" Type="Edm.Time" Precision="0" sap:label="到达时间"/>
                <Property Name="Distance" Type="Edm.Decimal" Precision="9" Scale="4" sap:unit="Distid" sap:label="距离"/>
                <Property Name="Distid" Type="Edm.String" MaxLength="3" sap:label="位于" sap:semantics="unit-of-measure"/>
                <Property Name="Fltype" Type="Edm.String" MaxLength="1" sap:display-format="UpperCase" sap:label="包租航班"/>
                <Property Name="Period" Type="Edm.Byte" sap:label="n 天后"/>
                <NavigationProperty Name="toSflightSet" Relationship="ZTJ_FLIGHT_SRV.assoc_F9BB4E164B575B77CB7763649B789CC5" FromRole="FromRole_assoc_F9BB4E164B575B77CB7763649B789CC5" ToRole="ToRole_assoc_F9BB4E164B575B77CB7763649B789CC5"/>
            </EntityType>
            <Association Name="assoc_F9BB4E164B575B77CB7763649B789CC5" sap:content-version="1">
                <End Type="ZTJ_FLIGHT_SRV.ZI_SPFLIType" Multiplicity="1" Role="FromRole_assoc_F9BB4E164B575B77CB7763649B789CC5"/>
                <End Type="ZTJ_FLIGHT_SRV.ZI_SFLIGHTType" Multiplicity="*" Role="ToRole_assoc_F9BB4E164B575B77CB7763649B789CC5"/>
            </Association>
            <Association Name="assoc_2050F4DD00FC1002A7E6D03FE778BFFE" sap:content-version="1">
                <End Type="ZTJ_FLIGHT_SRV.ZI_SCARRType" Multiplicity="1" Role="FromRole_assoc_2050F4DD00FC1002A7E6D03FE778BFFE"/>
                <End Type="ZTJ_FLIGHT_SRV.ZI_SPFLIType" Multiplicity="*" Role="ToRole_assoc_2050F4DD00FC1002A7E6D03FE778BFFE"/>
            </Association>
            <EntityContainer Name="ZTJ_FLIGHT_SRV_Entities" m:IsDefaultEntityContainer="true" sap:supported-formats="atom json xlsx">
                <EntitySet Name="ZI_SCARR" EntityType="ZTJ_FLIGHT_SRV.ZI_SCARRType" sap:creatable="false" sap:updatable="false" sap:deletable="false" sap:content-version="1"/>
                <EntitySet Name="ZI_SFLIGHT" EntityType="ZTJ_FLIGHT_SRV.ZI_SFLIGHTType" sap:creatable="false" sap:updatable="false" sap:deletable="false" sap:content-version="1"/>
                <EntitySet Name="ZI_SPFLI" EntityType="ZTJ_FLIGHT_SRV.ZI_SPFLIType" sap:creatable="false" sap:updatable="false" sap:deletable="false" sap:content-version="1"/>
                <AssociationSet Name="assoc_2050F4DD00FC1002A7E6D03FE778BFFE" Association="ZTJ_FLIGHT_SRV.assoc_2050F4DD00FC1002A7E6D03FE778BFFE" sap:creatable="false" sap:updatable="false" sap:deletable="false" sap:content-version="1">
                    <End EntitySet="ZI_SCARR" Role="FromRole_assoc_2050F4DD00FC1002A7E6D03FE778BFFE"/>
                    <End EntitySet="ZI_SPFLI" Role="ToRole_assoc_2050F4DD00FC1002A7E6D03FE778BFFE"/>
                </AssociationSet>
                <AssociationSet Name="assoc_F9BB4E164B575B77CB7763649B789CC5" Association="ZTJ_FLIGHT_SRV.assoc_F9BB4E164B575B77CB7763649B789CC5" sap:creatable="false" sap:updatable="false" sap:deletable="false" sap:content-version="1">
                    <End EntitySet="ZI_SPFLI" Role="FromRole_assoc_F9BB4E164B575B77CB7763649B789CC5"/>
                    <End EntitySet="ZI_SFLIGHT" Role="ToRole_assoc_F9BB4E164B575B77CB7763649B789CC5"/>
                </AssociationSet>
            </EntityContainer>
            <atom:link rel="self" href="./sap/ZTJ_FLIGHT_SRV/$metadata"
                xmlns:atom="http://www.w3.org/2005/Atom"/>
                <atom:link rel="latest-version" href="./sap/ZTJ_FLIGHT_SRV/$metadata"
                    xmlns:atom="http://www.w3.org/2005/Atom"/>
                </Schema>
            </edmx:DataServices>
        </edmx:Edmx>